https://blog.solunita.net/feed.xml,Aqui.TCD,https://pbs.twimg.com/profile_images/983688001581531138/OEkUPmHv_400x400.jpg
https://budougumi0617.github.io/index.xml,budougumi0617,https://pbs.twimg.com/profile_images/680299095727054848/JYTlnxMI_400x400.png
https://crieit.net/users/dala00/feed,dala,https://pbs.twimg.com/profile_images/1213746451282423808/TnkgFAuN_400x400.jpg
https://note.mu/erukiti/rss,erukiti,https://pbs.twimg.com/profile_images/1178039416050241536/oYRWFNRp_400x400.png
https://iucstscui.hatenablog.com/rss,iucstscui,https://pbs.twimg.com/profile_images/1032776833756848128/d70Rtt1Q_400x400.jpg
https://blog.kapiecii.com/index.xml,kapiecii,https://pbs.twimg.com/profile_images/1063452476131688448/99qeDYUX_400x400.jpg
http://kdnakt.hatenablog.com/feed,kdnakt,https://pbs.twimg.com/profile_images/1238161420849516546/WyxA0UcO_400x400.jpg
https://note.mu/kj_man920/rss,koji/メガネ男,https://pbs.twimg.com/profile_images/1061411080398753793/xCR1fD2f_400x400.jpg
https://kojirooooocks.hatenablog.com/rss,kojirock,https://pbs.twimg.com/profile_images/2611472957/a51hpkc4_400x400
https://www.konosumi.net/rss,konosumi,https://pbs.twimg.com/profile_images/1108036174558330880/Ld2lv2H4_400x400.png
https://blog.foresta.me/index.xml,kz_morita,https://pbs.twimg.com/profile_images/1188375154184732672/UhphHw7J_400x400.jpg
https://miriwo.hatenablog.com/rss,miriwo,https://pbs.twimg.com/profile_images/1237193989872214016/XDXCGyTP_400x400.jpg
https://mottox2.com/rss.xml,mottox2,https://pbs.twimg.com/profile_images/1023767815864561665/pd2hmqpn_400x400.jpg
https://ohke.hateblo.jp/rss,ohke,https://cdn.profile-image.st-hatena.com/users/ohke/profile.png?1447944269
https://pod.hatenablog.com/rss,pod,https://cdn.profile-image.st-hatena.com/default_profile_images/profile.png
https://swfz.hatenablog.com/rss,swfz,https://pbs.twimg.com/profile_images/655789011819036672/LNeA6vfl_400x400.jpg
https://udomomo.hatenablog.com/rss,udomomo,https://pbs.twimg.com/profile_images/668421312323325952/HiAkQq02_200x200.jpg
https://yoshitaku-jp.hatenablog.com/rss,yoshitaku_jp,https://pbs.twimg.com/profile_images/1195237270296485889/GvT3miyv_400x400.jpg
https://kic-yuuki.hatenablog.com/rss,zaki,https://pbs.twimg.com/profile_images/1077006051533189120/nm5Zz0Qy_400x400.jpg
https://sadayoshi-tada.hatenablog.com/rss,タディ,https://pbs.twimg.com/profile_images/1201045632267382786/MZgvLdVu_400x400.jpg
https://amarelo24.hatenablog.com/rss,amarelo24,https://pbs.twimg.com/profile_images/1036149113174118400/CzWrFjPs_400x400.jpg
https://bake0937.hatenablog.com/rss,okabeeeat,https://pbs.twimg.com/profile_images/1082121423437455360/LUM8m5i2_400x400.jpg
https://nainaistar.hatenablog.com/rss,きり丸,https://pbs.twimg.com/profile_images/794928822151823360/zAszSJFX_400x400.jpg
